,codigo,nome,cidade,estado,populacao,popAte9,popDe10a14,popDe15a19,popDe20a24,popDe25a34,popDe35a49,popDe50a59,popMaisDe60,domiciliosA1,domiciliosA2,domiciliosB1,domiciliosB2,domiciliosC1,domiciliosC2,domiciliosD,domiciliosE,rendaMedia,faturamento,potencial,total_domicilios,label
336,35503096,Parque Anhembi,São Paulo,SP,1516,0.132585751979,0.052110817942,0.0679419525066,0.070580474934,0.209762532982,0.291556728232,0.0784960422164,0.0969656992084,0.0229885057471,0.0785440613027,0.536398467433,0.256704980843,0.0651340996169,0.0191570881226,0.00574712643678,0.0153256704981,5723.0,962848.125,Medio,522,8
